

{
    "cpudata":
    {
        "cpus":"all",
        "user":0.250000,
        "nice":0.000000,
        "system":0.150000,
        "iowait":0.060000,
        "steal":0.000000,
        "idle":99.530000
    },
    "memory-data":
    {
        "available":2566601.000000,
        "used":282444.000000,
        "free":1510640.000000,
        "buffers":170312.000000,
        "cached":944020.000000,
        "active":717514.000000,
        "inactive":583742.000000,
        "dirty":19.000000
    },
    "iodata":
    {
        "tps":0.380000,
        "rtps":0.000000,
        "wtps":0.380000,
        "dtps":0.000000,
        "bread/s":0.000000,
        "bwrtn/s":5.110000,
        "bdscd/s":0.000000

    },
    "fsdata":
    {
        "free":10336.000000,
        "used":13727.000000,
        "Ifree":1201212.000000,
        "Iused":376756.000000,
        "Iused-percent":23.880000,
        "filesystem":"/dev/sda1"
    }
}
